split,n_examples,bleu,rouge1,rouge2,rougeL,bertscore_f1
val,356,0.05333575935956723,0.3363636194802603,0.12142923068463861,0.21431304752866828,0.5318375203046906
test,358,0.05729640843591442,0.34070762383757375,0.12681688992978543,0.21740039504631825,0.5358834023582203
